datetime,open,high,low,close,volume,timestamp,gmtoffset
2021-06-14,157.08042850290977,157.5324019632922,152.77685511926842,153.6415,509034.13621970627,1623628800,0
2021-06-15,153.65131328778492,155.14479069024964,152.31504403294807,153.8773,452623.86888774374,1623715200,0
2021-06-16,153.40565050924423,153.99518096659094,151.35211941615307,151.4602,546656.7434877282,1623801600,0
2021-06-17,152.0300694890703,152.41326426125892,148.23742379510142,149.2298,776093.2861935082,1623888000,0
2021-06-18,147.25485992774864,147.67735669006885,144.1106979755981,144.15,1488199.167603191,1623974400,0
2021-06-21,144.88690311491604,149.43611213039185,144.8673503591044,149.2003,519154.9722085009,1624233600,0
2021-06-22,148.89573565056497,149.9863669464085,147.97459435339985,148.6894,408782.9697342245,1624320000,0
2021-06-23,148.66978149088237,148.66978149088237,146.99944490681986,147.0977,567493.2280382359,1624406400,0
2021-06-24,148.325827814215,148.325827814215,145.9284045241601,146.8127,669302.983188784,1624492800,0
2021-06-25,147.136952639238,148.86624169863737,146.50812025400185,148.542,430611.918783913,1624579200,0
2021-06-28,148.20792742718447,148.25705495550162,144.4349332524272,145.7319,1010847.7202314661,1624838400,0
2021-06-29,145.80068379376365,146.52777123905906,143.56046842177244,143.6882,522536.95543544984,1624924800,0
2021-06-30,143.84542347879534,144.42512839582054,142.28316785494775,143.8749,922039.9453275033,1625011200,0
2021-07-01,144.51360107016254,147.90340201993178,144.51360107016254,146.9012,648422.3211246743,1625097600,0
2021-07-02,146.7832364231838,148.88589473997618,146.7832364231838,148.5027,958518.559056502,1625184000,0
2021-07-06,147.6675796270489,148.47327139159864,145.06381965624792,148.0606,727002.5160643683,1625529600,0
2021-07-07,147.15667134414605,150.21240512180708,147.15667134414605,149.6327,840896.7622718831,1625616000,0
2021-07-08,147.58894289990022,149.28875563684733,145.938257698703,147.7265,679210.7418100341,1625702400,0
2021-07-09,150.1534175641442,151.65180757713546,149.092262669698,151.2637,573026.8438495158,1625788800,0
2021-07-12,150.61515490690456,153.44490013576413,149.58347695888287,151.9809,613854.4990850824,1626048000,0
2021-07-13,151.4602161269218,151.95149156035328,149.0529665031076,150.1829,550672.7623451139,1626134400,0
2021-07-14,150.82157140057484,151.69604174941205,149.66216127515023,150.4089,577711.5149435971,1626220800,0
2021-07-15,149.07257813765185,151.27349149797575,149.07257813765185,150.4678,447133.2028513741,1626307200,0
2021-07-16,151.22438084979845,151.4208909931937,148.5321918852838,148.6894,337698.5984206003,1626393600,0
2021-07-19,146.39018611661768,146.84215930685625,142.7940516029804,143.7373,618896.4877592664,1626652800,0
2021-07-20,147.32366104328526,153.9657041848926,146.83238566298886,150.4973,1021948.2191374861,1626739200,0
2021-07-21,152.21674130590455,153.74952026560769,150.5660562723781,150.9296,349807.93323509773,1626825600,0
2021-07-22,150.3400425205734,150.8264049873905,146.72425690868067,148.0507,471542.2049338503,1626912000,0
2021-07-23,149.67193279622717,150.39902023973275,148.30618746315582,150.006,418136.2265509379,1626998400,0
2021-07-26,150.51697767285427,153.71026821033567,149.41652062609145,151.9122,855895.5779061853,1627257600,0
2021-07-27,162.120899321267,162.120899321267,152.1578331447964,156.3435,1566148.8806378262,1627344000,0
2021-07-28,157.20815706143128,157.20815706143128,152.88493274224192,155.1448,907970.1884948771,1627430400,0
2021-07-29,156.35330812731962,156.91827483487452,155.0366900610178,156.1961,534543.3562041562,1627516800,0
2021-07-30,155.71467664110713,158.10227548157843,155.71467664110713,157.611,494772.30009326764,1627603200,0
2021-08-02,157.7681978450166,159.39923233727998,156.26489496961725,156.8446,562724.028433239,1627862400,0
2021-08-03,157.20811854065494,157.94503159631427,154.19168776615615,157.8173,380262.29532503727,1627948800,0
2021-08-04,156.35326186868687,158.00394671717174,151.6763214646465,151.7451,466933.7582564445,1628035200,0
2021-08-05,152.09889071002428,152.69824680390744,148.5666199600079,149.8685,352857.0113132513,1628121600,0
2021-08-06,150.369588741245,151.16545496498003,148.89576240099495,150.1043,930269.3692985479,1628208000,0
2021-08-09,148.95473161007374,148.95473161007374,146.93067654993686,147.8641,419273.9104353254,1628467200,0
2021-08-10,147.17626123725356,148.46340258327666,143.99279714479945,144.5332,547024.2193489108,1628553600,0
2021-08-11,144.82795146939876,145.92840808843354,142.99549468859527,145.7712,434682.9777075308,1628640000,0
2021-08-12,141.91966046417758,146.40009283551967,141.91966046417758,146.0562,723814.8757122259,1628726400,0
2021-08-13,146.06603774014326,146.911031635317,145.62388977173842,146.7833,336975.87831858255,1628812800,0
2021-08-16,146.25266824034335,149.1118907098052,145.67296334103665,148.8073,315409.6855463408,1629072000,0
2021-08-17,147.58896958956456,149.26421886158508,147.42193593780883,149.1414,365534.2462924446,1629158400,0
2021-08-18,148.33566641555123,148.4388342301742,145.99719595076346,146.0758,469480.13948922406,1629244800,0
2021-08-19,144.87712701358967,148.91541112363277,144.6420025883991,148.2178,550504.8256687118,1629331200,0
2021-08-20,147.92305512093358,152.27575611187171,147.92305512093358,150.7135,613650.5805385715,1629417600,0
2021-08-23,151.42085248579085,151.59771156987,148.99395283203762,150.399,507844.65195912204,1629676800,0
2021-08-24,150.62503298409004,152.73260438494373,149.3575424912689,151.922,652108.7966193178,1629763200,0
2021-08-25,151.59775533930528,154.59453512921314,150.59555357350007,152.4624,371554.34434982,1629849600,0
2021-08-26,152.38380293775074,152.38380293775074,150.40887583797075,151.8434,522512.4259599034,1629936000,0
2021-08-27,152.25603250207286,154.55520077811087,151.49455582945342,154.0541,510873.4633482653,1630022400,0
2021-08-30,154.45701012690677,154.50613767465708,152.82106278682218,153.2976,408910.09056893265,1630281600,0
2021-08-31,152.67772736902927,154.8322748459168,152.50103479969184,153.2385,625412.4053681026,1630368000,0
2021-09-01,153.68129724027023,154.08466022515282,151.26111933097462,152.9336,432564.282145977,1630454400,0
2021-09-02,153.07128225857787,154.84214354828438,152.69743376408428,154.547,476714.1305234007,1630540800,0
2021-09-03,154.18300596594545,154.44863518755602,152.24489646012034,153.6911,448600.9832709897,1630627200,0
2021-09-07,152.92372871669454,153.67142579482558,151.60542071051614,152.8647,490980.01147419907,1630972800,0
2021-09-08,147.47335957775837,149.8935361258657,144.81706824446985,146.3223,1094147.4918723938,1631059200,0
2021-09-09,146.14521576072474,149.893538022915,146.05175365707433,147.6898,564036.8442505847,1631145600,0
2021-09-10,148.12273149291187,148.13256961269752,144.50230341178863,145.0434,525652.2702170523,1631232000,0
2021-09-13,145.9976870911761,147.7980628821252,144.87614151648646,147.3947,590507.1848580715,1631491200,0
2021-09-14,148.15227180901783,148.72288285655904,144.33508066339735,144.4433,900463.568334426,1631577600,0
2021-09-15,144.04972376399888,145.03353556405352,142.19031946189565,144.0694,696801.9696063148,1631664000,0
2021-09-16,144.34485201170946,145.40736864320243,142.99702998842673,144.5121,431205.4855614166,1631750400,0
2021-09-17,143.82342915296053,144.83675518092105,142.17062553453945,143.5578,1303115.2497460954,1631836800,0
2021-09-20,141.40326002904962,142.91833009406554,140.84248734264764,142.2395,552050.7462413746,1632096000,0
2021-09-21,143.67591151807227,145.13195334939758,142.53468954216865,142.8987,561225.0846228832,1632182400,0
2021-09-22,144.09892573978715,145.12209009268796,142.9085133676622,143.2922,644135.3416305982,1632268800,0
2021-09-23,144.2956765475696,144.40881490444536,142.0427475280432,142.0821,1557718.6629420593,1632355200,0
2021-09-24,137.81236065211385,143.03640145067698,137.7828462973197,142.4166,802992.9898621368,1632441600,0
2021-09-27,142.93803965433804,145.31886459730384,142.11163760801935,142.3084,744963.4989923293,1632700800,0
2021-09-28,142.51501257222418,143.0708663766098,140.80317961712495,141.3246,767125.1894574617,1632787200,0
2021-09-29,141.4426058421163,141.76726369791302,140.39484639840862,140.9507,788666.1771101527,1632873600,0
2021-09-30,141.46225843752256,141.54588241670882,136.06113319361134,136.13,769307.9261000515,1632960000,0
2021-10-01,136.61211435568683,137.38932572210618,134.9052007851329,136.5826,605251.9048546448,1633046400,0
2021-10-04,136.51376443234494,138.78637034066662,133.16880335516151,133.7099,1006043.7542769832,1633305600,0
2021-10-05,133.9263536754818,134.10343987001343,131.49633756163152,131.6931,828096.0601580495,1633392000,0
2021-10-06,130.59114346118997,131.4519785563274,127.19699365750527,130.296,744036.8121814944,1633478400,0
2021-10-07,131.16180991288675,132.42108921598077,130.59119897867228,131.0044,596256.222233757,1633564800,0
2021-10-08,130.3944433335889,130.71910129571418,128.07264699838996,128.3186,462175.69720991346,1633651200,0
2021-10-11,128.41693902382784,128.97771168332054,127.91519506533437,127.9939,493679.84568014566,1633910400,0
2021-10-12,128.298947008149,128.87939619712847,126.67565690337602,126.7642,618967.7353700808,1633996800,0
2021-10-13,126.48867038357224,127.83649241379308,123.86189314219294,126.9609,726604.4908314293,1634083200,0
2021-10-14,127.70863759710792,129.2925749403892,127.56106579493886,127.9054,654985.9023153048,1634169600,0
2021-10-15,128.94826619305368,131.7619691099083,128.88923746053226,130.8667,800812.3837462089,1634256000,0
2021-10-18,129.89271768389287,130.61090055073555,128.38748509996228,130.4043,509812.7745787524,1634515200,0
2021-10-19,131.2601981699939,132.31287701905626,130.03043315940712,130.0993,529585.9325914897,1634601600,0
2021-10-20,130.80763608640407,133.02121296060994,130.44362566709023,131.6242,609366.4582956629,1634688000,0
2021-10-21,132.63755523844193,135.2544955806334,132.08662042955953,135.1266,816648.7808469982,1634774400,0
2021-10-22,132.81463648429434,135.86445406282257,132.41127351423094,133.4246,728056.6928437485,1634860800,0
2021-10-25,133.60164290522854,133.7000240855711,131.4077425835889,131.5258,784447.7951094005,1635120000,0
2021-10-26,124.9440635650313,128.6333567805342,123.72413727510502,124.1275,1494988.586654851,1635206400,0
2021-10-27,122.76990443483831,125.10153896894013,121.63852058917708,122.8978,933961.9387816542,1635292800,0
2021-10-28,123.89138523420782,125.30807382896093,123.35520795355474,124.1275,704512.9915610965,1635379200,0
2021-10-29,123.97018139403707,125.08188923448832,121.46146016116035,122.0911,1012235.8222671432,1635465600,0
2021-11-01,122.37634166333146,123.73400185703994,121.95330261746578,122.9076,574293.8208052228,1635724800,0
2021-11-02,123.32082485967622,123.6749971528512,120.68420889937362,120.94,664396.2967587233,1635811200,0
2021-11-03,119.96604496956104,123.32084416052547,119.26753839314323,122.8191,970587.7981519161,1635897600,0
2021-11-04,123.02571596671949,124.43256741679873,122.31245211965134,124.1571,709525.6574130679,1635984000,0
2021-11-05,124.53092046504466,128.28908222975053,123.82257583923622,127.7775,1108759.6226252667,1636070400,0
2021-11-08,128.20048328429854,128.87931325487767,125.09163878135647,127.0691,528793.3437790934,1636329600,0
2021-11-09,127.09869726699368,127.88082796075683,125.90828451296426,126.351,609051.2030771422,1636416000,0
2021-11-10,126.75427987941562,127.95452996830795,126.40994583752028,127.2757,422601.2600991391,1636502400,0
2021-11-11,126.91175865510094,128.2792574499117,126.40657115068704,128.1612,542361.7065071176,1636588800,0
2021-11-12,129.08591026444515,129.3220250305717,127.11090862694894,128.7219,360450.13785532996,1636675200,0
2021-11-15,128.87934333229717,128.87934333229717,126.2132134053466,126.5969,615379.904563224,1636934400,0
2021-11-16,126.86252918091388,127.09864400839291,125.41632586260492,126.5969,850162.6185159353,1637020800,0
2021-11-17,126.41982673267327,126.80351336633662,125.01297574257426,125.1999,770069.9844009461,1637107200,0
2021-11-18,124.88503075578161,125.21952666295796,122.51404506079632,123.793,1143825.8340132318,1637193600,0
2021-11-19,123.24211735763832,123.63564211969673,120.62517768995,121.973,941855.8518688562,1637280000,0
2021-11-22,122.29766897744243,125.98686557384265,121.50078126228091,125.1704,635344.9681394324,1637539200,0
2021-11-23,125.62298434782609,128.0726768141593,124.45224778761063,127.8464,731696.5311498798,1637625600,0
2021-11-24,127.91524576350095,128.55472361111111,126.68548067194291,126.7937,581030.6821237963,1637712000,0
2021-11-26,123.39947832100354,124.05863203602445,121.02849256995819,122.3468,518144.9822962268,1637884800,0
2021-11-29,123.1732817679558,123.48810165745856,119.06104534254143,119.3069,931654.4785758409,1638144000,0
2021-11-30,118.04546290743706,119.11958891602796,116.21747781942223,117.0009,1339714.6596308234,1638230400,0
2021-12-01,118.69587378640776,120.74558252427184,114.53733009708738,114.695,1040089.9408866996,1638316800,0
2021-12-02,115.63122780792632,121.4354542591679,115.25676158526556,119.8489,972505.1766015375,1638403200,0
2021-12-03,120.30219243669845,121.94393107201577,119.33646382768825,119.8686,1041756.7322885226,1638489600,0
2021-12-06,121.64235481516737,125.840316833254,120.03609235284785,124.2242,937627.5828703265,1638748800,0
2021-12-07,124.93368356953746,128.1462076935057,124.09606224887091,126.5498,737831.1472637649,1638835200,0
2021-12-08,126.5991209515731,128.22016519509563,125.67280995527452,127.7915,815429.9182652994,1638921600,0
2021-12-09,127.47117764869887,128.3629979553903,126.05707583643122,127.2396,665715.9525808004,1639008000,0
2021-12-10,128.0279641121495,129.2952359859813,125.0125271495327,126.5301,867991.6351919424,1639094400,0
2021-12-13,126.51041641304346,127.55497975155278,125.87973666149067,126.9243,408022.9932329743,1639353600,0
2021-12-14,126.79614062866524,128.99366447728517,125.80084955821408,126.0275,557677.6246454148,1639440000,0
2021-12-15,125.87972023800324,127.75205050614326,125.1603512402442,127.5254,813578.1522739783,1639526400,0
2021-12-16,128.31378515978176,128.64883382696806,125.90931825409197,126.4316,529341.6669566786,1639612800,0
2021-12-17,126.42176432707355,126.88491990610328,124.10598643192489,125.9389,1485918.8384208533,1639699200,0
2021-12-20,124.24389233608859,124.24389233608859,119.81928037075676,122.7953,522592.5342419458,1639958400,0
2021-12-21,123.14020272513703,125.96840680501175,122.82486289741583,125.8403,716658.7285631073,1640044800,0
2021-12-22,126.1359749216301,127.31849968652037,124.98794046238244,125.7418,505584.6758993429,1640131200,0
2021-12-23,126.3724981190978,127.83094553968625,125.84036189807227,126.2641,312126.3568187632,1640217600,0
2021-12-27,126.32317274493045,126.94399807318777,125.61858526920983,126.8356,212464.1086571909,1640563200,0
2021-12-28,127.09186512055108,129.2672182433984,127.03766606199768,128.7474,296638.8241626627,1640649600,0
2021-12-29,128.73754253435112,130.04817428244274,128.42220256488548,129.0923,260365.59887770226,1640736000,0
2021-12-30,129.41745351434037,130.07769636711282,128.59954072657743,128.8459,238169.43922934297,1640822400,0
2021-12-31,128.39262549745487,129.27951906524757,127.21995511337344,127.7718,311681.9312242607,1640908800,0
2022-01-03,128.25463270716557,130.2255068171489,127.8111860324193,130.0974,577841.0676923598,1641168000,0
2022-01-04,130.37333552533255,134.01945299656253,130.27479180989388,131.8712,579291.1272514393,1641254400,0
2022-01-05,130.96460650224213,135.71441390134527,130.96460650224213,131.8515,673926.2397469882,1641340800,0
2022-01-06,132.0485188578409,132.87628569247212,128.6684709497633,129.0725,678897.9897344515,1641427200,0
2022-01-07,129.0725175267106,131.62972613093885,128.92470200045466,130.0481,768502.8283381303,1641513600,0
2022-01-10,130.88578250790303,130.95476311907268,128.79665542676497,130.9252,576930.6668234994,1641772800,0
2022-01-11,126.13596697752637,129.84121100749118,124.21436435560311,128.9149,1275297.854010669,1641859200,0
2022-01-12,129.23023756486714,130.44232535047632,125.89453256138175,127.2298,809965.3438109626,1641945600,0
2022-01-13,127.45642853062759,132.91574980834272,126.77647696354754,131.1124,967341.3399495395,1642032000,0
2022-01-14,130.20582660282787,132.08801179022967,129.3484961771527,131.7234,680637.9460293311,1642118400,0
2022-01-18,131.0730297222436,131.60516592290531,127.77181440332386,128.0773,515171.22807866806,1642464000,0
2022-01-19,127.92947493432237,129.4371940581054,127.37763002627106,127.5353,509746.26366190374,1642550400,0
2022-01-20,128.03784805844205,129.6736737166966,125.88466789983592,126.1261,566595.2452347294,1642636800,0
2022-01-21,126.67788733930661,128.67832383326842,125.8698292481496,126.4808,661777.6690217013,1642723200,0
2022-01-24,124.66760256998624,129.08235918617103,123.48507847636532,128.836,866261.588686392,1642982400,0
2022-01-25,127.5450921772429,127.92941255079712,123.66247096748984,126.0965,947340.2532187649,1643068800,0
2022-01-26,126.03739498335528,129.0035604165054,125.74669106216615,127.2889,646763.8077632849,1643155200,0
2022-01-27,123.17959917780063,127.58450164439877,121.46493915724564,124.6479,820435.1668178926,1643241600,0
2022-01-28,124.15519417475728,127.95898058252426,123.79058252427185,127.89,683459.2906403941,1643328000,0
2022-01-31,126.76657985545131,129.12177361986775,126.76657985545131,128.1659,800989.0262542533,1643587200,0
2022-02-01,128.2546145561858,129.33859516326845,127.54509997700445,128.5601,467819.9007312533,1643673600,0
2022-02-02,127.87027037455722,131.1123572236039,127.2987170698621,130.7576,435786.4751264936,1643760000,0
2022-02-03,130.89560312666416,131.1321080182579,128.98385525294788,129.5357,412160.2701031453,1643846400,0
2022-02-04,128.44188170402896,129.39775576611973,125.6629488637239,127.9196,434768.4558894806,1643932800,0
2022-02-07,127.87026353274113,128.03778776825723,124.04676921625659,125.3574,875803.6086421702,1644192000,0
2022-02-08,126.15562167472795,130.84630093712215,125.52001492593713,130.393,821011.5389629811,1644278400,0
2022-02-09,131.38831610640165,135.83076467641038,131.2602092955276,134.8472,630213.7993224924,1644364800,0
2022-02-10,133.9701397020289,135.20193576401886,130.81674178333458,131.6248,656065.3787887997,1644451200,0
2022-02-11,131.85147884455841,133.8420617090278,129.5159930085225,130.6591,492485.0291330646,1644537600,0
2022-02-14,131.0927040916654,132.03872375586144,129.32877159279988,130.2945,548370.8422074608,1644796800,0
2022-02-15,131.09273585701598,133.2705524866785,130.78725026642982,133.1523,469608.72925214213,1644883200,0
2022-02-16,132.62013785646906,136.17756613453304,132.2062542340904,135.8031,740258.2354894697,1644969600,0
2022-02-17,134.86691853916105,135.34485552214724,132.06827723672632,134.3742,384585.69130085985,1645056000,0
2022-02-18,134.17714916536835,135.93122764300023,132.73841063877143,132.8271,516881.1609980192,1645142400,0
2022-02-22,132.0978456288229,133.4774575936148,130.76750551991643,132.1077,801168.319938959,1645488000,0
2022-02-23,132.92563655115512,133.03403465346537,129.76238283828386,131.3785,544105.6507723866,1645574400,0
2022-02-24,128.82622460590952,134.63045059021923,127.58457354644769,134.4038,1181095.8874674675,1645660800,0
2022-02-25,142.84896119320538,147.68745732633616,140.42478594116835,142.711,1996498.82405701,1645747200,0
2022-02-28,138.62564057527965,142.03996799833251,137.43654677621066,142.0301,853768.891734921,1646006400,0
2022-03-01,141.25056780784098,143.60902007178356,140.12068168139152,142.9676,634142.6124520521,1646092800,0
2022-03-02,144.1221321615457,148.68114791359181,143.13533221521536,147.0924,1056548.4968631961,1646179200,0
2022-03-03,148.2864560560561,148.73051611611615,145.73064371037708,147.872,556531.1367263579,1646265600,0
2022-03-04,145.55297236718854,147.81274393817742,143.6089767362505,147.4871,519000.90923206165,1646352000,0
2022-03-07,147.09235250631568,148.90806382130037,145.52334109825821,148.4344,634656.704780024,1646611200,0
2022-03-08,149.0068242700241,151.04950060273237,147.19111197428342,147.349,632722.8397885293,1646697600,0
2022-03-09,149.8652477257702,151.31090906716912,148.65148427872535,149.2633,483368.6839296733,1646784000,0
2022-03-10,147.27984047856432,151.25664287138585,146.50026879361917,148.464,545467.3870433236,1646870400,0
2022-03-11,148.84892401433694,151.19750820390283,148.2469759657507,148.6713,714555.0700101499,1646956800,0
2022-03-14,149.98367377026753,150.56588554422936,143.89512013409046,144.2405,426997.53099857527,1647216000,0
2022-03-15,145.80950452409718,147.49693178950193,145.18782079473755,147.0134,589435.8058517115,1647302400,0
2022-03-16,147.67456002004008,149.41132731462926,145.46412891783567,147.7239,495175.51526868704,1647388800,0
2022-03-17,146.77662002817092,147.29962398551214,145.35562814407407,147.122,669900.7437364907,1647475200,0
2022-03-18,145.2964600858369,145.8490681926562,142.6370335717692,144.8524,1421069.8509655346,1647561600,0
2022-03-21,145.3654680650627,147.74365541172483,144.91154018976619,145.6023,792624.863068784,1647820800,0
2022-03-22,146.23391221691676,146.5694242633015,143.79651587994542,144.6649,434740.5154947745,1647907200,0
2022-03-23,144.04318787984147,144.24054786871565,140.89529605729783,141.9117,874239.0034789239,1647993600,0
2022-03-24,142.49393973351556,144.86226006149644,141.92652965493681,144.4182,404801.32213252893,1648080000,0
2022-03-25,144.89183210210007,146.31282398541427,143.90503218313188,146.1352,440552.3264073269,1648166400,0
2022-03-28,145.64176456882697,147.50681596143542,144.4477369576861,147.3884,625392.3804044281,1648425600,0
2022-03-29,146.60888403406787,148.15816011896715,144.0728078950926,145.9872,594937.1380504592,1648512000,0
2022-03-30,146.23391643195714,146.23391643195714,142.70117184172565,143.6485,484575.3142566751,1648598400,0
2022-03-31,143.54973578475335,145.4345229941359,142.87871206622972,143.0366,459816.7717213636,1648684800,0
2022-04-01,143.86554773200166,144.5859116104869,141.7340600915522,142.2768,587742.2961438549,1648771200,0
2022-04-04,141.86238852248394,142.257108579586,137.63394991077803,138.2507,715766.0091413641,1649030400,0
2022-04-05,137.8559278942832,140.00715139327775,136.36586024130995,137.402,652469.7506586513,1649116800,0
2022-04-06,136.64213291571755,139.13873576309794,136.64213291571755,138.6256,595070.1977123994,1649203200,0
2022-04-07,138.52696844219713,142.96756794347854,137.95462450647642,142.4643,767240.6617657897,1649289600,0
2022-04-08,142.93797999999998,145.0596,141.447912,144.0728,574573.3684637211,1649376000,0
2022-04-11,145.01021229541456,147.11209560394968,144.38852849993233,145.9082,697620.8213109339,1649635200,0
2022-04-12,146.16478027734976,149.9540913512427,145.14344252696458,147.2996,742556.9305687185,1649721600,0
2022-04-13,147.1022479793233,149.16465958646614,146.25360014097743,146.9937,414645.3971836889,1649808000,0
2022-04-14,147.4081326055313,150.34879558025673,147.4081326055313,149.1449,395241.3214263444,1649894400,0
2022-04-18,148.01998018494055,150.43763986129457,148.01998018494055,149.4015,443304.6803412282,1650240000,0
2022-04-19,149.99357190017167,151.49350761917339,149.18439605176286,149.4607,531501.9236494945,1650326400,0
2022-04-20,149.99356091288973,155.22359954998393,149.99356091288973,153.4967,1102628.9861606145,1650412800,0
2022-04-21,153.69406773901224,156.1906712149654,151.16292627030876,152.4507,665787.5333468459,1650499200,0
2022-04-22,143.93462166553826,144.27013360415253,130.8397880613857,131.1753,1545016.4967032669,1650585600,0
2022-04-25,131.16539086191986,138.3986312698184,130.27727130296918,136.9283,1535414.2201429505,1650844800,0
2022-04-26,119.86661926268754,125.87623242898182,119.46203118416854,123.6658,2701985.693700279,1650931200,0
2022-04-27,122.62962393397522,125.20517168055667,121.01127209321142,121.9586,1020879.7113118714,1651017600,0
2022-04-28,121.25799587628867,123.35001208118558,118.11010356797682,122.5211,917006.3957963157,1651104000,0
2022-04-29,121.613227976822,123.30065592099893,120.39946401697544,120.9126,856222.1604696285,1651190400,0
2022-05-02,121.19874384816754,121.83029568062827,117.8436247382199,120.6264,802047.2334414357,1651449600,0
2022-05-03,120.1823252737591,124.30714767005036,120.03430533130846,123.4585,618850.0581976939,1651536000,0
2022-05-04,124.23806186995,128.46156389380533,123.18218636398616,128.2346,515672.1099453657,1651622400,0
2022-05-05,127.74128870060969,128.28402882255128,123.42897173172855,124.623,749262.0935140384,1651708800,0
2022-05-06,124.33676056338028,128.02739139280126,123.15260093896714,126.113,794693.1989564913,1651795200,0
2022-05-09,125.30381942072928,125.30381942072928,122.8072163089444,123.6756,684124.6860334617,1652054400,0
2022-05-10,124.49469604591836,125.16572008928571,121.95861988201531,123.7842,588237.7001265105,1652140800,0
2022-05-11,124.35651945515713,125.56041529498646,119.90605204726347,120.2613,685569.6088434102,1652227200,0
2022-05-12,120.4882483601911,123.39930759575674,119.98498049234756,121.8599,668340.2646809984,1652313600,0
2022-05-13,122.16585191721482,123.42017351957324,120.6905857733034,123.0145,675707.2709314756,1652400000,0
2022-05-16,123.08356400000001,123.39934,121.109964,122.6099,549694.9736522092,1652659200,0
2022-05-17,124.15911283338562,125.8070679949796,122.98482143081267,125.7972,443656.48837970954,1652745600,0
2022-05-18,123.85322162411825,123.94203359086329,117.27126808867989,117.5081,988696.154562962,1652832000,0
2022-05-19,116.19564849861216,118.9586872739507,115.18417894692573,117.3206,784923.3312819743,1652918400,0
2022-05-20,118.08046425204662,119.45211597618456,115.53452076407838,119.3337,597548.7622524066,1653004800,0
2022-05-23,121.06059175291605,121.06059175291605,116.66439892393625,120.133,594423.5470686656,1653264000,0
2022-05-24,120.12317603162838,120.12317603162838,116.71871569063504,119.8074,493137.3644699743,1653350400,0
2022-05-25,119.72846387387386,122.69873236691237,118.97849574938574,120.4883,620803.5045726432,1653436800,0
2022-05-26,121.34679599999998,122.42240799999999,120.725112,121.6231,820240.170247264,1653523200,0
2022-05-27,122.34343621959029,123.35983998879644,121.67241237195904,123.3105,485949.64419088396,1653609600,0
2022-05-31,123.05407752186824,123.9436250702191,121.5912659979135,123.1628,1071662.1070647954,1653955200,0
2022-06-01,124.18080715527951,124.18080715527951,118.90282633540373,119.3476,770400.4919244292,1654041600,0
2022-06-02,119.9209458258601,121.33433865970977,117.61800505462254,121.2355,621009.0280487151,1654128000,0
2022-06-03,120.59304471403813,121.05264446645208,119.61454201535032,119.7628,699570.4160223375,1654214400,0
2022-06-06,120.08896756622926,121.59131514401254,118.70522637616571,119.7628,439514.27070843364,1654473600,0
2022-06-07,118.35926637768871,121.047677271612,117.6179766091437,120.85,659263.4496483244,1654560000,0
2022-06-08,119.89126384851757,120.34592156797609,118.48281330454282,119.0116,449342.5081252584,1654646400,0
2022-06-09,118.46798238833799,118.90287236206457,116.57028068480379,116.6197,508683.69786579796,1654732800,0
2022-06-10,114.30684745098038,115.18651104139434,112.7896748540305,113.4173,1578504.663750592,1654819200,0
2022-06-13,110.7387979554582,111.53939083607155,107.5660780211756,108.2876,1136420.0732124455,1655078400,0
2022-06-14,108.20856210546391,108.20856210546391,103.51372587966054,103.6521,1827528.8715809905,1655164800,0
2022-06-15,104.38342558801214,106.08344918437027,102.47584097116845,104.2154,1308946.349195992,1655251200,0
2022-06-16,101.7641947373608,102.00140731250616,98.3789736128905,100.2915,1571462.3888365414,1655337600,0
2022-06-17,99.91595735620001,103.60263774930145,99.91595735620001,102.5846,2662828.6543009384,1655424000,0
2022-06-21,104.30435145687647,104.30435145687647,100.58802092074593,101.7642,1322723.3993879969,1655769600,0
2022-06-22,101.06249261271566,104.91225700123915,101.06249261271566,103.6916,631065.0405625914,1655856000,0
2022-06-23,104.1165807002562,104.95176686592656,103.37529120409906,104.166,618680.3568342838,1655942400,0
2022-06-24,105.11490466121172,107.78354822101682,103.59773137813735,107.5068,1079119.3486365513,1656028800,0
2022-06-27,108.1590988538682,108.93992393012293,106.3404682965154,106.9335,1100415.0303693416,1656288000,0
2022-06-28,107.33874955226693,108.72249033839192,104.6898743331134,104.8579,547149.4427220076,1656374400,0
2022-06-29,105.62879723051101,107.08172444983217,103.78051566579636,105.9945,732275.7505342258,1656460800,0
2022-06-30,100.6276251017774,101.1020506007348,97.74153664978653,99.5404,2978089.1691212812,1656547200,0
2022-07-01,99.24387197319996,104.94686113050864,99.18456879305464,104.7393,1170629.2955939174,1656633600,0
2022-07-05,103.42471961868446,103.87937721639656,101.23050251668256,103.6817,660656.8140761581,1656979200,0
2022-07-06,99.82701711491443,102.07065403422982,98.81678746943766,101.0625,1002860.9177489178,1657065600,0
2022-07-07,101.85321455028966,104.156154772533,101.85321455028966,104.0672,656604.5681059931,1657152000,0
2022-07-08,103.92884092227378,104.7689694508894,102.19916453982985,102.2387,563825.9907451875,1657238400,0
2022-07-11,101.34913128701146,101.48750536912753,99.92091308231348,100.1433,429564.8367888815,1657497600,0
2022-07-12,99.09563315329471,101.85323156240794,98.73981400373172,100.6474,611897.2524873966,1657584000,0
2022-07-13,99.28338226359628,101.75434747672709,99.28338226359628,100.8648,419344.22811525926,1657670400,0
2022-07-14,99.09561613643164,99.91597681260598,97.48454637478808,99.1055,655469.38757183,1657756800,0
2022-07-15,101.17121350800583,102.59448966521107,99.6095632799612,101.8532,547798.0053645835,1657843200,0
2022-07-18,102.40672588915663,104.10675067951807,101.84828751325301,102.5451,1163025.7930413056,1658102400,0
2022-07-19,104.29454957296694,106.60737411808391,104.25501411065726,106.469,1029598.1790004603,1658188800,0
2022-07-20,106.40964872222222,107.92187947222222,105.8561525,106.7457,946012.8885753712,1658275200,0
2022-07-21,107.01255293204237,108.31722246072341,105.93521218487395,108.2085,973806.7856037188,1658361600,0
2022-07-22,115.10747328588161,119.0807863771511,109.03878115145508,109.701,1518829.1638180143,1658448000,0
2022-07-25,109.71084741144415,111.88529663941871,107.89221714804724,108.8213,1084935.4262446782,1658707200,0
2022-07-26,113.486487911485,113.486487911485,106.72592723116314,108.0899,1327799.9835322264,1658793600,0
2022-07-27,107.66494856776794,108.60391580488698,106.113181660108,108.001,843454.4025518281,1658880000,0
2022-07-28,108.01083471103955,110.89692216854537,107.87246065485778,110.4818,599252.6510248746,1658966400,0
2022-07-29,109.77017540677514,111.59868994398506,109.05853731661777,111.1638,473571.9527400107,1659052800,0
2022-08-01,110.41264413605442,110.9661405170068,108.9696,108.9696,406988.6050788477,1659312000,0
2022-08-02,108.93991582969431,109.96289544213973,107.46227861171761,108.6434,426585.319678876,1659398400,0
2022-08-03,109.57248416696655,110.20505127743793,108.32711766822598,109.869,448061.73970819794,1659484800,0
2022-08-04,109.87892816773018,109.87892816773018,108.27774202370101,108.426,525659.7448951359,1659571200,0
2022-08-05,107.83291744449478,109.29078685999094,107.11139563207975,109.0684,411006.41019763745,1659657600,0
2022-08-08,110.0073600217865,110.0073600217865,108.68292280319535,108.8806,337974.2382022142,1659916800,0
2022-08-09,108.8707447089947,109.46377645502645,107.9021261904762,108.3469,408013.5703005808,1660003200,0
2022-08-10,109.94805958806818,111.68761896306819,109.78003396661931,111.3318,447959.5989645366,1660089600,0
2022-08-11,111.99400083490438,112.28063273184307,109.93815826375797,110.0963,498434.89690389234,1660176000,0
2022-08-12,110.58062911754199,110.94633194891034,110.23963593694177,110.6597,758309.9889119525,1660262400,0
2022-08-15,110.18530025941497,111.53938943554878,109.86901665623041,110.4917,489145.81230988394,1660521600,0
2022-08-16,110.00738454444854,110.37308744005901,106.85443255256362,107.1806,871586.4266481062,1660608000,0
2022-08-17,105.9253475675167,106.22680535428624,104.60091007810294,105.0358,1046097.1779145778,1660694400,0
2022-08-18,105.7276816829854,107.33875133936819,105.05063707278774,107.0027,971521.9722492984,1660780800,0
2022-08-19,106.75555157436563,107.3782346360437,106.27124252639376,106.7259,1010315.9997713771,1660867200,0
2022-08-22,105.37184051896207,106.12795587396636,103.86949366980326,103.9881,437700.4154321504,1661126400,0
2022-08-23,104.225297856936,105.06542590983685,102.32759684332464,102.3869,408821.0705666448,1661212800,0
2022-08-24,103.7113836440111,103.7113836440111,101.82356564381989,103.3951,888650.4418487917,1661299200,0
2022-08-25,103.97825200869647,105.45094778334436,103.48603556857925,104.5614,457267.51009454735,1661385600,0
2022-08-26,104.34388149206661,104.68981649748694,100.2915,100.2915,435238.9831640767,1661472000,0
2022-08-29,99.61943920639621,100.63747693218832,98.64093692626591,100.1334,525826.8789434894,1661731200,0
2022-08-30,100.53861713255185,100.68687502254284,98.53219368800721,98.6508,565851.8410393023,1661817600,0
2022-08-31,99.28469414349959,99.28469414349959,96.34329223221586,96.8979,1217297.339158021,1661904000,0
2022-09-01,96.36311856041131,96.86820787660669,93.78815341902313,96.3136,823177.2018697256,1661990400,0
2022-09-02,97.47224057343236,98.46261082920793,95.8480333539604,96.0263,596528.4160693476,1662076800,0
2022-09-06,96.36309695521146,96.54136373272367,94.76859966746335,95.3034,471022.4819891001,1662422400,0
2022-09-07,95.18453158207772,100.0373481958763,94.67944250594766,99.9086,634412.9286167556,1662508800,0
2022-09-08,98.91819624654288,100.40375185697353,98.68050734887397,100.2651,666177.0135371131,1662595200,0
2022-09-09,100.73061791088243,102.37463350160179,100.52264003494805,102.0181,616131.8333707451,1662681600,0
2022-09-12,102.69149284906727,105.40510737704919,102.58255211984172,105.1179,693440.6492138826,1662940800,0
2022-09-13,102.82029735700196,103.50365321499014,100.32456291913213,100.4236,581280.2588236232,1663027200,0
2022-09-14,99.84914074074074,99.96798518518519,95.09536296296297,96.5314,1089278.3470456244,1663113600,0
2022-09-15,96.76912544701484,99.66100802101222,96.56609944438831,98.0368,775100.6421058215,1663200000,0
2022-09-16,97.67036651848858,98.40324089715092,97.15537371186096,98.0269,1361397.1903630535,1663286400,0
2022-09-19,96.74930346294045,98.08630376670716,96.36305893074118,97.809,644167.9538692759,1663545600,0
2022-09-20,96.79879246931559,96.79879246931559,94.63978522987311,95.2142,850731.2928113663,1663632000,0
2022-09-21,95.91741964285714,97.1058646978022,93.71879629120879,93.7287,563219.3067865019,1663718400,0
2022-09-22,93.53062263546009,93.53062263546009,91.2923845249546,92.669,647142.4345789853,1663804800,0
2022-09-23,91.11409264305178,91.59937422343323,89.00460332425068,90.8665,878756.9263700043,1663891200,0
2022-09-26,90.45053345199689,91.70830392702192,88.55892588719546,89.0244,739894.8524224819,1664150400,0
2022-09-27,89.55927269103748,90.0148434688532,86.72681089853091,86.9645,816173.7277854757,1664236800,0
2022-09-28,88.06375144051023,90.72784828458325,87.11299568946558,90.0643,538554.975278773,1664323200,0
2022-09-29,89.08380008840757,90.49012578185436,87.95972990385678,89.6186,545653.5307402704,1664409600,0
2022-09-30,89.98509383080062,90.38124216375596,87.16253695849399,87.3309,599168.4938549815,1664496000,0
2022-10-03,88.68773823910229,92.88691199827363,88.04399697885196,91.7876,956241.4870854015,1664755200,0
2022-10-04,92.88685516701462,95.38258898747391,92.81752922755742,94.8775,791064.5052831282,1664841600,0
2022-10-05,93.31271840354768,94.4417408932531,92.18369591384226,93.798,442682.7672231817,1664928000,0
2022-10-06,92.69871497480972,93.49101168399613,92.07478131632543,92.3917,403281.2408473922,1665014400,0
2022-10-07,91.62910414524772,91.62910414524772,89.92071455758503,90.5496,491725.9394850999,1665100800,0
2022-10-10,91.04476316718129,91.54985213939125,89.2026739744155,89.8068,519261.2082826691,1665360000,0
2022-10-11,89.69784808820334,92.36194449272215,88.92535916793396,91.1735,439232.62987600564,1665446400,0
2022-10-12,91.421172,91.421172,89.55927401104974,89.6286,450769.33590394136,1665532800,0
2022-10-13,88.15292976076556,93.22362968633706,87.14275125996811,93.1444,725899.630036803,1665619200,0
2022-10-14,93.58999617653484,94.4417146602578,90.35148519772777,90.6585,468954.8807888946,1665705600,0
2022-10-17,92.25302191867854,93.92674824227024,92.25302191867854,93.5306,579260.9319302987,1665964800,0
2022-10-18,95.78861098211485,96.69975161593976,94.08517414496391,94.6893,628627.5232787654,1666051200,0
2022-10-19,93.96633704366123,94.75368145712783,93.22355929510783,94.1347,472931.17043980595,1666137600,0
2022-10-20,94.49130466772993,95.63023140882511,92.91661465178098,93.1444,442755.25528104743,1666224000,0
2022-10-21,86.39007202222223,89.34137793333332,81.70561666666667,89.1334,1742837.589500681,1666310400,0
2022-10-24,90.10393250940355,92.57985943041376,89.83158054809242,92.154,1054726.2028777916,1666569600,0
2022-10-25,92.19357064542821,97.58118504344228,92.19357064542821,95.749,1486813.5780008147,1666656000,0
2022-10-26,104.41474100758892,109.73302953277863,102.83014852336106,108.3168,2304448.138146622,1666742400,0
2022-10-27,108.41589131246666,112.81313765783389,107.69292062955716,111.3771,1256364.7897099135,1666828800,0
2022-10-28,111.37710880191419,116.23982980687062,110.94134561613399,115.8932,1051207.203701339,1666915200,0
2022-10-31,115.40794492966255,117.02224983170794,114.55127392336239,114.7543,845177.1212930583,1667174400,0
2022-11-01,115.70501831742243,116.33885561711558,114.1996547306512,116.1903,621832.7640086996,1667260800,0
2022-11-02,116.3586148148148,116.3586148148148,111.87223703703702,112.0406,766772.7374719521,1667347200,0
2022-11-03,110.61449629364368,110.98093342882721,108.63375502238137,110.6244,703767.836932901,1667433600,0
2022-11-04,111.5454073703935,112.42683694119746,108.29204092085304,110.9908,648654.3439636438,1667520000,0
2022-11-07,111.84252592592593,112.308,108.99025925925925,112.0406,602142.4083769633,1667779200,0
2022-11-08,111.43653664223262,113.10035979863994,110.08963218228384,112.1397,578489.3161832964,1667865600,0
2022-11-09,111.30776319842407,113.09043046203438,109.88162938753581,110.6046,432350.22919480747,1667952000,0
2022-11-10,114.76420308702791,120.96887802955665,113.71440972085385,120.6272,1149957.8287484082,1668038400,0
2022-11-11,120.914322136,124.548981504,120.42408878799999,123.7963,1027116.7231977046,1668124800,0
2022-11-14,123.17241427434756,125.80680055697009,121.45907281985997,124.4698,753222.9472530686,1668384000,0
2022-11-15,125.93552581681423,127.92617072788529,124.32122173470188,126.401,874341.3806852794,1668470400,0
2022-11-16,126.10387419252692,126.5198297973401,123.60814056364788,125.1036,615093.0460834061,1668556800,0
2022-11-17,123.78641458432304,125.35120004750593,122.34047358669834,125.0838,654326.8097067726,1668643200,0
2022-11-18,127.19331102821172,128.00541501515505,125.2818955467475,127.431,655039.5621159686,1668729600,0
2022-11-21,126.4703,128.78776673453405,125.86122220438527,126.4703,629104.020469628,1668988800,0
2022-11-22,126.7674184529357,127.95586300093196,125.81666281453869,127.5201,996692.6955044734,1669075200,0
2022-11-23,127.73805143077514,129.7386008484381,126.73777672194369,128.4016,609117.1901284719,1669161600,0
2022-11-25,130.69921828524073,131.4519,128.80761029156935,131.4519,276943.7810332144,1669334400,0
2022-11-28,129.78811221249904,129.88714930690003,127.80737032447922,127.8866,831472.2932660653,1669593600,0
2022-11-29,127.11408437380314,129.6197223439295,127.11408437380314,129.2929,450381.84424666787,1669680000,0
2022-11-30,129.28293612533437,130.43352846771114,127.968681941154,129.7888,1668944.2205336667,1669766400,0
2022-12-01,131.3361772734255,131.3361772734255,128.92588416282643,129.1441,924548.9356463051,1669852800,0
2022-12-02,127.46781221492074,129.10443107846925,126.5056787011983,128.301,917508.7941637244,1669939200,0
2022-12-05,126.9619095477387,127.0809363379397,124.58137374371859,126.3271,604420.9028783214,1670198400,0
2022-12-06,126.22799549824151,127.08102139898399,124.85422704181322,126.9124,666625.9482918927,1670284800,0
2022-12-07,127.40832383702778,128.15224164845458,126.09902848891664,127.081,514131.39210424846,1670371200,0
2022-12-08,127.38846946223285,129.64997931486766,126.31722795309001,128.5589,501915.3901441285,1670457600,0
2022-12-09,127.2892903636221,128.12247826906463,126.06926521636692,126.2974,449740.2297276112,1670544000,0
2022-12-12,126.33705310747663,127.40829450934578,124.95336629672896,127.3587,465344.8598328972,1670803200,0
2022-12-13,130.44349402858248,130.44349402858248,127.24960724604095,128.4002,484676.5791642068,1670889600,0
2022-12-14,128.96556890621417,132.0900231598257,127.75546281433923,129.769,888012.569488861,1670976000,0
2022-12-15,128.09269243190218,131.60894297140268,127.90423330566662,131.4552,1367975.089079778,1671062400,0
2022-12-16,130.53271886278264,136.08730264417764,130.53271886278264,134.6689,2446099.9662134317,1671148800,0
2022-12-19,134.26222536802973,135.6508713159851,133.32984880297397,133.4092,1114118.5427991473,1671408000,0
2022-12-20,132.9827268087617,136.1865323401431,132.87361888044842,134.4904,729768.232528121,1671494400,0
2022-12-21,135.53186884507042,140.89799450704226,135.53186884507042,140.8484,1301442.5154989336,1671580800,0
2022-12-22,139.88627560819916,140.4814097311866,136.0972550251791,139.8466,719014.0566163211,1671667200,0
2022-12-23,139.41020300511514,139.9458238491049,138.28936679454392,139.6185,378978.34312788054,1671753600,0
2022-12-27,139.6482116381141,140.8682365000708,138.41826787484072,140.1144,283901.4029964087,1672099200,0
2022-12-28,139.96558848389182,140.98723511516107,137.76359283202984,138.2397,413586.2117756332,1672185600,0
2022-12-29,138.99355256765395,141.23522407841466,138.20004052844664,139.6482,360530.8878309924,1672272000,0
2022-12-30,138.93405009581943,139.787075605082,138.0909434878274,139.7474,381214.6019890173,1672358400,0
2023-01-03,141.36422985765373,142.16766113877006,139.15231410840752,141.4535,682364.6563004805,1672704000,0
2023-01-04,142.05848059271452,144.5977188996364,141.40383321671123,144.5878,880920.2956266021,1672790400,0
2023-01-05,143.94312229307914,148.0793049003155,143.5166094582802,147.7619,903450.701973919,1672876800,0
2023-01-06,148.88268465385624,151.51119307712554,148.3371451697815,150.7276,762766.0547902309,1672963200,0
2023-01-09,151.32283214044566,151.32283214044566,146.2046765698852,146.899,641481.0168891551,1673222400,0
2023-01-10,147.52382490847455,148.00985109152543,145.87728722711864,146.3038,549400.5453036763,1673308800,0
2023-01-11,146.5121278476638,146.8989650953829,142.21724250760298,143.5067,878887.444279605,1673395200,0
2023-01-12,144.18115008893145,146.63111872349157,143.169422150773,144.9945,482441.5355065193,1673481600,0
2023-01-13,144.16129928320262,147.39486083310794,143.86373226940762,146.6807,392926.6167941658,1673568000,0
2023-01-17,146.62120047765268,146.6807138860457,144.53823118389627,145.3615,372380.95747498475,1673913600,0
2023-01-18,145.55987916237555,146.5815260144181,144.3497731822863,144.4688,306514.78969853703,1674000000,0
2023-01-19,143.95300750563948,146.29386809761434,142.53460468931573,145.1036,605149.7149622752,1674086400,0
2023-01-20,145.5499402689503,148.9620419080752,144.3100777547334,148.2578,618438.529439935,1674172800,0
2023-01-23,148.12885773195876,151.22355463917526,147.19648109965635,147.2064,498908.12777161866,1674432000,0
2023-01-24,147.841282517961,148.495930263428,144.19112539172085,144.9648,566389.1192896483,1674518400,0
2023-01-25,144.25063882312693,145.30204277796784,143.46704530961338,144.9648,489952.2563408497,1674604800,0
2023-01-26,145.49047388167386,146.07568917748918,143.09009927849925,144.3498,993644.1240652915,1674691200,0
2023-01-27,143.23888770745813,146.4426935885958,140.2136220921424,144.0324,686940.8390056683,1674777600,0
2023-01-30,143.5662060622761,144.43906955084046,142.34618095894186,143.9828,481932.31302627816,1675036800,0
2023-01-31,144.65731937116254,147.03785671682073,143.81421239457526,147.0081,488145.58701187215,1675123200,0
2023-02-01,146.45261043427,152.87014101002165,146.45261043427,151.4319,761823.1175201525,1675209600,0
2023-02-02,150.24166620354984,153.3958782490195,147.98134594907933,149.2101,585169.3841100569,1675296000,0
2023-02-03,148.72399175257732,149.8547463917526,146.57159037800687,147.2064,520065.71507760533,1675382400,0
2023-02-06,146.10546143231684,146.3435151372982,143.53150574720576,143.7646,427332.4794838228,1675641600,0
2023-02-07,143.09012736834822,144.11177461075357,141.2848866099232,143.3381,634956.160085839,1675728000,0
2023-02-08,143.46700366340724,144.71182590896572,142.50487013496763,144.0423,378499.54214838275,1675814400,0
2023-02-09,145.1036641651804,145.37147460557003,143.19923436685417,144.5978,416686.1076724542,1675900800,0
2023-02-10,145.07382582970618,146.32360718171927,144.9101639859902,145.8475,316796.2294862785,1675987200,0
2023-02-13,146.03600726464046,147.54863995552262,145.63925114899928,147.1866,295914.7833430489,1676246400,0
2023-02-14,146.92870304705406,148.37686281515437,145.74339419576648,147.137,285342.05210110307,1676332800,0
2023-02-15,146.1351690157959,147.6825175779668,145.27589461873904,146.9386,284040.53924564406,1676419200,0
2023-02-16,145.52021887585013,150.44991342845717,145.20281399519936,148.7637,495280.60084550193,1676505600,0
2023-02-17,148.57528507462686,149.69612139303482,148.29755572139302,149.5275,311040.36715654307,1676592000,0
2023-02-21,148.11895541195477,149.39849369951534,146.96836284329564,147.3552,352693.2913124206,1676937600,0
2023-02-22,147.67259734056987,148.05943447761194,145.80784396200815,146.2046,286835.2062794194,1677024000,0
2023-02-23,146.32368854131246,146.94857956477387,144.38454258755522,145.8575,377821.9419639032,1677110400,0
2023-02-24,143.41739596378983,146.40298529812142,143.09007221617208,145.7285,690408.1101500392,1677196800,0
2023-02-27,146.70061647493839,147.77185829909615,144.0324308203232,144.8557,610678.2476630191,1677456000,0
2023-02-28,127.54332623343565,134.7046639964064,123.16309051433706,132.6685,3242261.901129507,1677542400,0
2023-03-01,131.76458517565112,131.76458517565112,126.39120036228044,131.1885,1395892.854023028,1677628800,0
2023-03-02,130.08604750999922,130.1158450317622,126.20243717355501,126.6494,826653.3101617537,1677715200,0
2023-03-03,127.42410305223409,127.58302312775328,124.24073528949023,126.262,1253965.6764505552,1677801600,0
2023-03-06,125.34824519612515,126.4209560107988,123.69944894394158,125.09,1198313.7136461746,1678060800,0
2023-03-07,124.63304587485705,124.63304587485705,120.48125967979087,121.5937,957822.0248252994,1678147200,0
2023-03-08,121.35533219484428,123.73913312189964,120.95306578840368,122.14,643403.7266251842,1678233600,0
2023-03-09,122.43799450577019,122.95448478842617,118.16205091570498,118.7729,1009802.6187791995,1678320000,0
2023-03-10,118.48483304724677,118.48483304724677,115.3858919867437,116.8857,779146.9772606915,1678406400,0
2023-03-13,115.01839471426119,117.43199315256564,114.61116205594645,115.7534,583943.3924187109,1678665600,0
2023-03-14,117.7498713869114,117.83558892297796,115.06809447637018,115.8031,760029.6624183636,1678752000,0
2023-03-15,113.08154878878027,116.94529252868678,112.92262873778155,116.8559,864414.5225016453,1678838400,0
2023-03-16,115.56471921996364,121.365303321765,115.56471921996364,120.2032,856509.8398378745,1678924800,0
2023-03-17,119.97470800637159,120.06410053655266,118.0875323692153,118.4749,930041.4680240286,1679011200,0
2023-03-20,118.99145445697135,123.26243320626163,118.99145445697135,122.4579,695238.2520033417,1679270400,0
2023-03-21,124.1762043851287,125.86473060057199,123.64978150619638,125.0304,732441.4561578623,1679356800,0
2023-03-22,125.04026309718587,125.93915449525524,121.31557498363874,121.4149,503498.5327171541,1679443200,0
2023-03-23,121.17655008210181,122.0645159490969,119.41849685550083,120.9779,418825.902912846,1679529600,0
2023-03-24,120.59053447769715,122.21946517980919,119.86546166517167,121.8023,362838.0011707496,1679616000,0
2023-03-27,123.76895304917501,124.27551083791653,122.23934717728889,122.8055,391257.7684224241,1679875200,0
2023-03-28,122.43803463497453,123.64980069528659,121.5441088527771,122.8552,249944.91091952153,1679961600,0
2023-03-29,123.76899293425718,123.99744063809219,122.18475777070577,123.2823,728594.3662634457,1680048000,0
2023-03-30,124.642992696,125.03036035199999,123.18291460799999,124.1563,310720.2373137731,1680134400,0
2023-03-31,124.94094224232887,126.43081753737215,124.40458713611329,126.2421,489030.86212919466,1680220800,0
2023-04-03,126.41103464640928,127.7519232829509,125.93427424230559,126.8282,584937.8379571736,1680480000,0
2023-04-04,127.64258753505763,127.75184506076658,126.44572100342785,127.4936,440783.1834696017,1680566400,0
2023-04-05,127.35453990675991,128.03988254079255,126.48047973581976,127.8313,499257.8938022221,1680652800,0
2023-04-06,128.11935778419738,128.42726538101186,126.62451606417864,127.2155,394752.4557935158,1680739200,0
2023-04-10,126.90766362582143,128.50679752609202,126.90766362582143,128.477,284397.4353386209,1681084800,0
2023-04-11,128.66571494530362,132.35067559411542,128.28827962278382,131.6554,715787.9612230111,1681171200,0
2023-04-12,132.4598597852029,133.44317758054893,131.70498955847256,133.175,647629.3045992116,1681257600,0
2023-04-13,133.9497791513728,135.82702283071504,132.50956574658642,135.3006,738039.304777658,1681344000,0
2023-04-14,135.86673288718927,137.4410348948375,134.61523728489485,135.0622,463958.49808458623,1681430400,0
2023-04-17,134.71461696271285,136.27402084556664,134.51596678655315,135.3205,461210.7664396747,1681689600,0
2023-04-18,136.17467521929822,137.43610364766081,135.7376448976608,135.8767,502410.90635848534,1681776000,0
2023-04-19,135.25088228346453,136.97417141294838,134.9678059711286,136.2342,584864.7088616515,1681862400,0
2023-04-20,135.74751767342735,135.9660327380952,133.75108458259845,135.1615,538249.0226876738,1681948800,0
2023-04-21,137.1480561834679,141.12105896977926,137.1381236765021,139.0253,1072725.1475091225,1682035200,0
2023-04-24,139.05512437810947,142.03487704335467,137.77383073205405,139.7504,781029.2535835316,1682294400,0
2023-04-25,141.62757829732803,143.4740308399659,138.980565911029,139.7702,1020069.0310237806,1682380800,0
2023-04-26,143.84249796204216,145.242980782968,140.55483970866308,141.8262,1447811.3974004802,1682467200,0
2023-04-27,142.46193110684408,144.98478758743659,142.16395593197095,144.8358,767515.2807524105,1682553600,0
2023-04-28,144.9847631792484,149.46432255404054,144.96986442301298,149.3352,778169.3194236859,1682640000,0
2023-05-01,149.43454625818205,151.08830843511709,146.9216223496862,147.1898,624076.1666908985,1682899200,0
2023-05-02,146.0475770459914,146.59883116228986,140.88267361400585,142.9685,751636.0472411754,1682985600,0
2023-05-03,143.53467154682565,144.17035205191158,140.55491917923533,141.5879,794892.8997463768,1683072000,0
2023-05-04,140.88263780565597,141.10115289531504,138.1313341767666,140.1377,441729.49406191194,1683158400,0
2023-05-05,141.45876473389353,142.78972067226888,140.51517656862742,141.8362,346902.3479196426,1683244800,0
2023-05-08,141.39910231161397,142.99823517703751,141.1011272435226,142.2235,313497.0338235242,1683504000,0
2023-05-09,142.11430496017886,142.65066031856924,139.58151576777982,142.1739,381795.8687213335,1683590400,0
2023-05-10,143.50478807320002,143.50478807320002,139.46225978237828,140.5747,501658.09466426034,1683676800,0
2023-05-11,139.75037799043062,140.20727332714418,137.79864030207813,139.0849,492557.40191782144,1683763200,0
2023-05-12,139.74037022862467,140.15753531140257,137.73400483050239,138.5882,336100.6128948929,1683849600,0
2023-05-15,138.43929100391134,138.558481095176,135.37511240764883,137.1282,893897.1257553152,1684108800,0
2023-05-16,136.3236314262332,137.7837096644595,132.97637723383679,133.5028,1167017.783971572,1684195200,0
2023-05-17,134.0789179389881,134.74439593749997,132.3705266592262,133.4929,675868.6102406945,1684281600,0
2023-05-18,133.48298621908125,135.33043286219083,133.0956183745583,134.9232,560712.3127823828,1684368000,0
2023-05-19,135.77732830721237,135.77732830721237,133.68156998440173,133.7213,609676.0757635469,1684454400,0
2023-05-22,133.94976480331263,135.85680579710146,133.62199213250517,134.3272,470307.3310543211,1684713600,0
2023-05-23,133.32402945718113,133.91004731741904,125.9243124084141,126.0733,1131325.7581105595,1684800000,0
2023-05-24,125.76539946633181,126.8083126667713,124.68275623920891,126.56,989547.7874525917,1684886400,0
2023-05-25,125.66608915360501,127.4936705956113,124.93108357366772,126.7388,636869.3691276863,1684972800,0
2023-05-26,126.5301822003438,127.41417515236756,124.74233128613847,127.1162,632559.455049789,1685059200,0
2023-05-30,128.14919357490862,132.14206102314247,128.06476727314248,130.4734,862422.8288678001,1685404800,0
2023-05-31,129.67756594263227,132.44301265420418,127.45923998334973,131.4383,820508.35783786,1685491200,0
2023-06-01,131.32889332011592,132.1843913375019,130.14512280768645,130.4535,431280.6955735185,1685577600,0
2023-06-02,132.6618929868596,136.1833619518677,132.3833587184409,134.7509,614540.9718228227,1685664000,0
2023-06-05,134.74092613762895,136.64092738475242,133.88542819389798,134.0048,568796.6213896816,1685923200,0
2023-06-06,134.45240232318775,135.39742882664314,133.07962698132627,135.3079,493382.9879851805,1686009600,0
2023-06-07,136.06401653938465,138.14307630373116,134.89019332315075,136.7703,512709.81155996595,1686096000,0
2023-06-08,138.71008635869174,138.71008635869174,135.80039758503156,137.1682,334626.6390460762,1686182400,0
2023-06-09,136.27290687050888,136.77028955125385,135.27814150901892,135.6661,315854.38351953804,1686268800,0
2023-06-12,135.6262241209719,136.1435017837481,134.33800378771195,135.5168,329456.7932536778,1686528000,0
2023-06-13,135.9843541178974,141.15713130453287,135.67597701638644,140.232,609554.1111158652,1686614400,0
2023-06-14,144.97705573568643,152.9252283398317,144.95716043505027,145.4247,1715311.6016742685,1686700800,0
2023-06-15,143.24619215155613,147.5634732205683,142.2719190918809,147.0263,1110111.1841894954,1686787200,0
2023-06-16,149.02577055577984,151.1943586327547,146.39959049925986,147.842,1493273.02606837,1686873600,0
2023-06-20,147.6928025616953,149.14515988465666,145.86243442864807,148.3394,1063536.3044477731,1687219200,0
2023-06-21,147.60327157262103,150.61741035726212,147.1257842404007,148.9661,1038515.341745538,1687305600,0
2023-06-22,148.84667522507502,149.21473824608202,146.65321857285764,149.165,570679.5521737674,1687392000,0
2023-06-23,148.34933995245328,150.78651478570958,147.3048364524863,150.6373,926593.49636511,1687478400,0
2023-06-26,150.65719788926876,152.19908403471854,149.04070434968435,151.2839,494404.07921794726,1687737600,0
2023-06-27,150.28909325318156,156.27757843576134,150.20951205474196,155.5514,788561.1329116935,1687824000,0
2023-06-28,155.17344837902036,156.9441307183668,154.18863067342875,154.9546,517726.11022841535,1687910400,0
2023-06-29,154.8153066321641,156.1781349434541,154.8153066321641,155.6907,325666.8036048396,1687996800,0
2023-06-30,157.14305303289598,157.73991213158394,155.3872925175889,156.9441,373622.85418821103,1688083200,0
2023-07-03,155.70058894537033,156.41681961263754,153.3032057396564,154.5964,251014.10511499623,1688342400,0
2023-07-05,154.3378480637813,154.9297334624146,152.33339583143507,152.8457,670136.9148755902,1688515200,0
2023-07-06,152.38810434410584,152.38810434410584,149.71218554597513,151.1347,625481.1734829923,1688601600,0
2023-07-07,150.4880247482777,152.02991024774775,149.84142760333862,150.1697,777889.3766185855,1688688000,0
2023-07-10,150.1100952164009,153.35312981822324,149.50328833712982,152.8457,775294.374653654,1688947200,0
2023-07-11,153.5519097314997,154.17861161755076,151.24902899148657,151.9006,580285.85535541,1689033600,0
2023-07-12,152.41792141604418,153.40273894771033,150.95561659629752,153.1441,734995.5669203057,1689120000,0
2023-07-13,153.05456918152723,153.49723968253969,151.64200263897052,152.2886,469341.9248059277,1689206400,0
2023-07-14,152.79591879229565,156.61581676210307,150.90596458582766,152.8755,798517.1604344713,1689292800,0
2023-07-17,152.05983607924924,153.07449676746612,150.6870598540146,152.6368,512719.8934988155,1689552000,0
2023-07-18,151.6818266893216,153.92004881714806,151.2441299176578,152.219,492915.2188622972,1689638400,0
2023-07-19,151.72161950259206,152.45774590196208,148.22999293260713,151.5923,817867.2039410973,1689724800,0
2023-07-20,152.84562570994584,152.91525925241052,149.77180219257693,150.6273,510505.5515168897,1689811200,0
2023-07-21,150.98548264763315,151.58234184903372,147.34464151908963,147.7326,673021.0392289853,1689897600,0
2023-07-24,148.58810364077672,149.4038112459547,147.12579854368934,147.5436,524770.9807812741,1690156800,0
2023-07-25,146.66811750868752,149.50319709970594,145.65345744453353,148.8566,857095.0909801782,1690243200,0
2023-07-26,143.10687871031607,145.53410506964576,137.77493883900163,140.6896,1932443.5324999148,1690329600,0
2023-07-27,141.7937945816733,141.7937945816733,136.36237800796815,137.3273,1022391.2794469855,1690416000,0
2023-07-28,139.0283603286723,139.21736568401323,136.85977256739224,138.0137,799235.9778775586,1690502400,0
2023-07-31,138.2723906160046,138.46139604202645,136.02422081174439,138.2326,645444.6444615815,1690761600,0
2023-08-01,138.33204696251616,139.45613162429987,136.88963744075832,138.531,600621.1390952205,1690848000,0
2023-08-02,138.5210758474266,139.47605058935503,135.57657039314736,135.875,723461.0609751609,1690934400,0
2023-08-03,136.02421445569433,136.79018377799125,134.45248519695514,134.6017,751896.9144520464,1691020800,0
2023-08-04,134.64141716284607,134.9497942542423,132.4927251711819,133.6566,1665636.9241773323,1691107200,0
2023-08-07,134.2832998463677,136.01419059185017,134.17387571877973,135.9744,522302.35926762683,1691366400,0
2023-08-08,135.05926975344877,135.63623356325212,132.74146686234224,135.5666,758905.7278120128,1691452800,0
2023-08-09,136.0042434227525,136.5016258226309,130.77675440003043,130.9011,864716.9664731617,1691539200,0
2023-08-10,131.25926379690947,132.41319139072849,130.13020533226762,130.6823,983878.4392377544,1691625600,0
2023-08-11,130.26453603740592,131.64726001672622,130.1451641830761,130.8415,526808.6045329655,1691712000,0
2023-08-14,130.12524342723003,131.4184382629108,129.1802164319249,131.3687,614485.6738325035,1691971200,0
2023-08-15,131.27911782518925,131.87587726129843,129.3194310621702,130.0854,686077.7167921996,1692057600,0
2023-08-16,130.0157743178665,132.09483298905502,129.03095705256666,129.0608,437615.9569753171,1692144000,0
2023-08-17,128.90163861378394,129.8267699913948,126.59378399436751,127.1608,656083.6489704375,1692230400,0
2023-08-18,126.55401477909146,128.3644872433105,126.55401477909146,127.887,521908.1420316373,1692316800,0
2023-08-21,128.05614911925173,128.65300835541697,126.72316349181604,127.6284,479812.63026097644,1692576000,0
2023-08-22,128.06606500917994,130.23465302937575,127.60847304161565,130.0357,565629.9899181533,1692662400,0
2023-08-23,130.8811982835249,130.8811982835249,129.35920821455937,129.8168,303723.065889777,1692748800,0
2023-08-24,129.68754365634368,132.50770309690313,129.41895704295703,129.4488,374674.33216839394,1692835200,0
2023-08-25,129.83672158476193,130.8812247847619,128.69025497714287,130.5629,564610.7642370075,1692921600,0
2023-08-28,130.93097657319,132.77129192541918,130.93097657319,132.3137,396342.8328283465,1693180800,0
2023-08-29,132.31366165776194,134.68617562704068,131.4494100281983,134.0545,429104.461842012,1693267200,0
2023-08-30,134.71110137777777,135.1189551037037,134.05455635555552,134.2933,302390.96068083815,1693353600,0
2023-08-31,134.3829858426132,135.36926470675576,134.1239631106162,134.1937,551902.448475599,1693440000,0
2023-09-01,135.19991515196554,135.45893790592257,132.6296124396225,134.0642,431665.4745263836,1693526400,0
2023-09-05,133.5759515828678,133.64070722765365,127.57858263500931,128.3955,578648.3189831419,1693872000,0
2023-09-06,127.83764242234075,128.82392099152807,126.02448384060244,127.0008,709549.2103986747,1693958400,0
2023-09-07,126.59237154566745,128.31586885245903,126.21379988290398,127.6185,615757.4983250861,1694044800,0
2023-09-08,127.87750305703422,132.92336442532317,127.25983359695816,131.0057,938443.5486394868,1694131200,0
2023-09-11,130.96589311189348,132.55489812873108,130.08920068881068,130.1689,686876.7017313659,1694390400,0
2023-09-12,129.7504708701135,129.87001982976042,126.31343828026482,126.4031,461998.49972033914,1694476800,0
2023-09-13,126.38317099683543,126.98589698180379,125.52640348101265,125.9249,381133.5677058311,1694563200,0
2023-09-14,128.18637757998746,128.59981775015686,125.92989086809914,127.0407,277118.58514633495,1694649600,0
2023-09-15,126.53252939590932,127.06053695893452,124.69944653559537,125.6658,832832.881181674,1694736000,0
2023-09-18,125.70569865808679,127.63840634073608,125.52637526485128,126.951,576153.7194665659,1694995200,0
2023-09-19,126.76174246146624,128.95845451842578,126.00459907675456,127.3296,535641.3173370528,1695081600,0
2023-09-20,128.0468546842309,130.09911112746997,128.0468546842309,128.5649,639125.4778714876,1695168000,0
2023-09-21,127.85759729879157,128.12160122028277,125.67582904193983,126.1341,426881.5567717215,1695254400,0
2023-09-22,126.05434203275075,127.50885352700362,125.90490592032751,126.5425,325177.423395302,1695340800,0
2023-09-25,126.05438867806669,128.51510423986883,126.05438867806669,127.5886,252288.32199741981,1695600000,0
2023-09-26,127.16017096543506,127.89738912991658,125.2981969797378,125.3769,393502.2683604396,1695686400,0
2023-09-27,125.37689722222221,126.64212296296296,121.6011448148148,123.7331,525227.4662155883,1695772800,0
2023-09-28,123.85272151419558,126.89125755520506,123.02584121451105,126.3234,512824.5408214155,1695859200,0
2023-09-29,126.59236314324346,127.39931847609958,124.7592794241629,125.2574,455727.0087036774,1695945600,0
2023-10-02,124.69945994455445,126.9011520950495,124.60979827326732,125.7754,489175.91397045844,1696204800,0
2023-10-03,125.87504871014262,125.87504871014262,122.40813007530846,124.3508,569193.6061529157,1696291200,0
2023-10-04,124.50022961321515,125.25737272361,122.66714629331184,123.6335,592289.4547189879,1696377600,0
2023-10-05,123.80283666852544,125.34202861069066,122.79663352186728,125.0581,584616.7267054274,1696464000,0
2023-10-06,124.69948597990347,126.76170485006725,124.23623391486669,125.9149,483749.41400898545,1696550400,0
2023-10-09,125.8152605730087,129.9396978108918,124.6994707888471,129.7006,775812.3728032097,1696809600,0
2023-10-10,129.879974286365,132.18129161858488,129.3619288262982,131.2249,552874.1048383348,1696896000,0
2023-10-11,130.61712466540703,130.6768991103763,125.25734943316014,126.5425,634437.0076456526,1696982400,0
2023-10-12,126.7118946288668,127.3096392375414,122.94610359421694,123.3446,574445.3316967261,1697068800,0
2023-10-13,123.3944389905668,125.47658316536322,122.7966942513908,123.5638,444529.8847235193,1697155200,0
2023-10-16,124.34084900872324,126.03445884218876,123.24498382236321,125.626,563857.4960597329,1697414400,0
2023-10-17,125.21756432890912,127.82771643760307,125.21756432890912,126.8514,399879.0401997928,1697500800,0
2023-10-18,126.22369983597595,128.93347460751386,125.36693281262204,127.5487,395738.69063346,1697587200,0
2023-10-19,127.64833317405609,129.37182975090084,126.59231793044023,127.1801,463282.5737674369,1697673600,0
2023-10-20,128.0269021735643,128.0368645813282,123.96223980590311,124.2113,500141.14239203685,1697760000,0
2023-10-23,124.84892193951032,126.2536217474796,123.83275612097935,124.5102,471741.2761364129,1698019200,0
2023-10-24,121.34216188870151,125.49648713562996,119.4493038625231,124.0619,795667.8626556582,1698105600,0
2023-10-25,123.43424711562066,124.95849568775061,121.60116386547747,121.7506,872833.0695700883,1698192000,0
2023-10-26,121.73066867906302,128.963377203574,120.54514207518312,123.763,1745243.6438192353,1698278400,0
2023-10-27,123.18523479811903,125.79538696286686,121.39200048646018,122.8764,1162371.0222630221,1698364800,0
2023-10-30,123.85265799886942,124.62972583380441,121.09307094403619,123.3645,716101.9604505348,1698624000,0
2023-10-31,124.14161131146238,125.7256347605052,123.33465596949718,125.4168,430223.13868636417,1698710400,0
2023-11-01,124.2213310710583,126.00460304649494,123.81287212696387,124.9187,648047.7997289437,1698796800,0
2023-11-02,126.11419586075648,127.29972309888193,125.21757862183807,125.636,391685.19715686585,1698883200,0
2023-11-03,126.37316269005846,129.09290044444447,126.37316269005846,127.7679,593852.329106137,1698969600,0
2023-11-06,127.8376743425619,129.66079578931135,126.73682778591812,129.1826,705186.6359710982,1699228800,0
2023-11-07,128.54493524936603,130.0791459002536,127.60846900791518,129.6408,494478.90324650874,1699315200,0
2023-11-08,130.40798889060332,130.40798889060332,129.04313828112944,129.1328,455788.1614895673,1699401600,0
2023-11-09,129.69068315920788,130.70684921253704,127.76793758771248,127.7779,570064.7429641589,1699488000,0
2023-11-10,128.28598775243802,130.59726748828996,126.95102445673041,129.7405,530860.3631865146,1699574400,0
2023-11-13,129.91974138543515,130.6370346436018,128.8537639045486,129.0032,457706.6858806604,1699833600,0
2023-11-14,131.19495841188447,133.0778536309479,130.28837923233542,132.1115,432621.28542935324,1699920000,0
2023-11-15,132.0417533182844,133.93461080511662,131.8873359969902,132.4004,630039.4553188662,1700006400,0
2023-11-16,132.9483590182224,133.97448722945333,132.2410279211603,133.9446,485307.2789048606,1700092800,0
2023-11-17,135.15999016622536,137.68047940570756,134.84119310826713,135.4489,614407.6775817301,1700179200,0
2023-11-20,134.40287178166838,136.53482749742534,134.40287178166838,135.429,421022.6288313434,1700438400,0
2023-11-21,135.56844963246107,137.04288603351958,135.3193894295796,135.5286,367739.4017203748,1700524800,0
2023-11-22,136.1960778869779,137.9793488943489,135.61327702702704,137.8598,277084.6203171628,1700611200,0
2023-11-24,138.14878793252595,139.07529238754324,137.64070484429067,138.1986,152594.54958299143,1700784000,0
2023-11-27,137.82999030824163,138.06410702470308,135.58844727829194,136.7142,471963.94888021867,1701043200,0
2023-11-28,137.05289936067018,137.05289936067018,134.43776625881833,135.5685,361199.6839973888,1701129600,0
2023-11-29,136.22597847513813,137.1425200883978,134.78142919337017,135.2397,359322.7358534513,1701216000,0
2023-11-30,134.99029015129477,137.2251626563864,134.38168647803317,137.1653,393052.7213515371,1701302400,0
2023-12-01,137.20521202614384,138.65189292665218,137.00566983297026,137.3848,440924.29075123294,1701388800,0
2023-12-04,136.7163487621637,139.62966510446478,136.46692099313108,139.4401,304727.4980439629,1701648000,0
2023-12-05,138.64187542428917,138.8763374329586,135.7684686797443,135.7984,359866.8521131325,1701734400,0
2023-12-06,136.4170438174826,137.4796061788197,134.66107221564857,134.9105,296321.23859892297,1701820800,0
2023-12-07,135.1399823222925,135.1399823222925,133.55362151097881,134.0425,463182.13029449614,1701907200,0
2023-12-08,134.27196894870863,137.4546675736632,133.39398312113497,137.1354,402236.65224296565,1701993600,0
2023-12-11,140.38790340956632,143.24135663784688,139.57975756519315,143.0917,511895.7708937695,1702252800,0
2023-12-12,143.82996282343197,144.79774212378388,142.35833966052576,144.5982,404825.80052863737,1702339200,0
2023-12-13,144.75786041122495,149.44710118545308,143.6354357578193,148.9682,486939.7008891831,1702425600,0
2023-12-14,149.65666468607645,152.4552443157061,149.57684779824388,151.1233,683722.9749482707,1702512000,0
2023-12-15,150.33506500033593,151.76179146005506,148.35959759457094,148.4893,1517699.3005556632,1702598400,0
2023-12-18,149.15782994331443,149.87618203401132,146.99279655885297,149.6068,546821.5448763025,1702857600,0
2023-12-19,150.03576743322952,151.42258560540796,149.57682041222083,150.5446,436318.77065002656,1702944000,0
2023-12-20,150.9935368719611,151.22301033225284,147.66118314424634,147.741,425748.66773610574,1703030400,0
2023-12-21,148.83848933183233,151.03345297662406,148.67885561221112,150.6643,454747.0307166329,1703116800,0
2023-12-22,151.15321661876143,153.22346694538803,150.90378886856547,152.7296,383627.1221819477,1703203200,0
2023-12-26,152.92914563031206,154.82479657432037,152.27664262116394,153.7772,288705.8409829286,1703548800,0
2023-12-27,153.57767873009632,153.59763295327957,151.35278284516085,152.2607,375255.9010302724,1703635200,0
2023-12-28,152.1110036023055,153.40802777050038,151.56226260806918,152.3305,333709.8957858078,1703721600,0
2023-12-29,152.35050491996853,152.69970385069539,151.00359475859355,152.0911,240430.28947781952,1703808000,0
2024-01-02,152.5201025509878,157.4537841570232,152.2008349849754,156.052,676401.1850537001,1704153600,0
2024-01-03,155.13409208703607,155.7478839286461,152.0411878136435,152.6897,473265.2777495797,1704240000,0
2024-01-04,152.87919613615455,153.72725015113684,151.5672066894467,151.8316,600385.519088253,1704326400,0
2024-01-05,151.86161042290178,154.86472091086532,151.86161042290178,153.3482,661540.1824084013,1704412800,0
2024-01-08,153.4678507221035,154.38574451136586,152.3304605919306,154.0565,340261.9820001103,1704672000,0
2024-01-09,153.1186543686803,155.208858192896,152.9141236842105,153.9268,332433.05363328545,1704758400,0
2024-01-10,153.58758476348333,156.6705108185643,153.0987065217391,156.5009,336619.62416829553,1704844800,0
2024-01-11,156.05193278616076,158.3865758570617,155.68277982195846,158.0274,388211.72764976195,1704931200,0
2024-01-12,158.6360615423419,159.99294860962232,157.3290600290056,158.227,534986.541993465,1705017600,0
2024-01-16,157.03965913263693,157.77796502690725,155.46327627730295,157.5884,351791.3672579961,1705363200,0
2024-01-17,156.18171149893348,158.22701946221963,153.83709017516642,154.3559,392914.3016237151,1705449600,0
2024-01-18,154.86467830423942,156.52087831702795,153.83204757337427,156.032,452037.7818011689,1705536000,0
2024-01-19,156.41118038147138,157.4587771117166,155.22390408719346,157.4488,308584.2964824121,1705622400,0
2024-01-22,158.13719192566487,159.57389575136173,155.45334936238385,155.6928,498855.88607822586,1705881600,0
2024-01-23,155.56306981340614,156.30636436837656,152.35044099863467,153.4579,677713.4133856908,1705968000,0
2024-01-24,154.16632200847735,154.16632200847735,149.7664159765243,152.999,800327.8557376192,1706054400,0
2024-01-25,154.12642206650528,156.89207743916424,153.33823023952098,156.6207,544810.9778592484,1706140800,0
2024-01-26,157.36893373738656,159.06504219711877,156.50092529034717,157.2093,459367.55726283364,1706227200,0
2024-01-29,156.45109155243867,157.75809321007335,155.17900978642015,156.491,489067.3827887865,1706486400,0
2024-01-30,158.9653302673797,160.83105026737968,158.53631443850267,158.5862,572197.6287974616,1706572800,0
2024-01-31,159.44421110131603,160.94576630879666,158.15716378061833,158.4465,402964.3445579423,1706659200,0
2024-02-01,158.0773575088881,164.43277765109724,157.32907413264684,162.7666,692000.8735207345,1706745600,0
2024-02-02,161.71896500337982,163.93887182756714,161.6291710194801,162.3575,445768.3940686448,1706832000,0
2024-02-05,161.8486301838077,163.74428051884183,161.32982061842995,162.2976,410322.3498683899,1707091200,0
2024-02-06,161.8087313228492,163.1257095282146,160.86090609929076,161.7788,293806.59332372353,1707177600,0
2024-02-07,162.1080313204063,163.96377318559558,161.54432478608805,162.0781,293369.6168698917,1707264000,0
2024-02-08,162.0781784699926,162.6668280563102,160.10271036675724,161.5893,368848.2333916911,1707350400,0
2024-02-09,161.6191927392536,162.42733858849613,160.90084087326028,162.0083,270893.0946130538,1707436800,0
2024-02-12,161.5094123609845,164.58236139775144,160.38199924035246,164.1733,394012.00134248385,1707696000,0
2024-02-13,161.86864617683688,163.06091092154423,159.8233384557908,160.2324,398623.4157386396,1707782400,0
2024-02-14,161.42959396450436,162.97604557541277,159.86318813926164,161.3398,354530.62102469447,1707868800,0
2024-02-15,162.9062180432645,163.26539392822022,161.45953739552607,162.3475,392209.8501054836,1707955200,0
2024-02-16,162.13799881598422,163.37516033547115,160.48179871731622,161.7888,310486.7343104096,1708041600,0
2024-02-20,160.72126724127315,162.40739885489134,160.32218283568307,162.0582,391742.6935508354,1708387200,0
2024-02-21,161.6591070789957,163.02597109614206,160.48180814451928,162.9262,310353.41093083867,1708473600,0
2024-02-22,163.13574311508296,165.4803642166697,162.40741400693048,164.1135,661721.6099224014,1708560000,0
2024-02-23,164.32300730326818,165.96923050940293,163.8341288965979,163.9339,525508.871929479,1708646400,0
2024-02-26,163.93384578591858,165.41045762794374,161.79874487920645,163.9538,509434.2457448379,1708905600,0
2024-02-27,163.74432269738827,165.4105,162.651829196574,165.4105,828879.3382524083,1708992000,0
2024-02-28,170.1895423483584,176.02615169727326,160.79110473010573,161.3598,1817129.4095555397,1709078400,0
2024-02-29,162.95814030887104,167.03384197294383,161.53963629833592,166.884,1005175.9666594762,1709164800,0
2024-03-01,166.88397780504906,171.71887815568022,165.86505252454415,170.9397,681333.8851068536,1709251200,0
2024-03-04,170.6100151202749,175.34501993127148,170.34029965635742,174.416,662998.6927804789,1709510400,0
2024-03-05,173.5469648034188,177.34296127065528,173.5469648034188,175.3151,556727.5465718583,1709596800,0
2024-03-06,175.70466322250638,177.05823544757035,173.14736071611256,175.7646,505626.7832089055,1709683200,0
2024-03-07,177.2330634096921,179.21597193673665,176.03432777621433,177.4828,420101.6353697372,1709769600,0
2024-03-08,177.17314055438558,177.89238199100689,175.48492107120495,175.5049,517114.8116092485,1709856000,0
2024-03-11,174.63578019732617,175.92442083600912,170.19046946698583,171.1095,738063.7483015262,1710115200,0
2024-03-12,170.4901674278846,174.75566818910255,169.49621584535257,174.5359,748938.1455620305,1710201600,0
2024-03-13,174.61578900292415,176.79349163465398,173.13734868413508,174.2262,429108.21082018665,1710288000,0
2024-03-14,173.82666210605447,174.0364408488984,171.57903271844097,172.7478,479144.8296302471,1710374400,0
2024-03-15,169.32143530764807,174.4610151581369,169.32143530764807,173.7168,857170.0106149779,1710460800,0
2024-03-18,172.8476987930062,177.39290499717993,172.41815183305133,177.1132,516104.7584256848,1710720000,0
2024-03-19,177.81244964767242,180.78930975975143,177.6725971591855,180.0401,768744.9909770101,1710806400,0
2024-03-20,179.89019974428822,181.1838348435155,178.06212852298628,179.7004,536792.7674618419,1710892800,0
2024-03-21,180.1599426066272,182.0978981855396,179.8103114454832,180.5795,548652.1835535042,1710979200,0
2024-03-22,180.4096840822206,180.87918879716327,178.4817179123497,180.2998,393228.3832816232,1711065600,0
2024-03-25,180.29981824009,180.81927031768345,177.45282127635647,177.6626,552863.5506291138,1711324800,0
2024-03-26,177.6626310980768,179.38081904009925,176.91342123963676,177.1232,676405.6082433019,1711411200,0
2024-03-27,179.22097082210615,181.73831571075064,178.1720771185043,181.6584,550824.357145059,1711497600,0
2024-03-28,182.30765784281485,183.41648798092731,181.5384693686287,182.2677,699820.5616244678,1711584000,0
2024-04-01,179.8103532903373,179.8103532903373,171.07956169168423,175.0254,1349424.7442371221,1711929600,0
2024-04-02,174.2461818176546,174.2461818176546,169.52116639600973,172.2383,879871.2277118387,1712016000,0
2024-04-03,171.98855458155865,174.70568804535512,171.2962849159664,173.5569,489135.486978622,1712102400,0
2024-04-04,174.79561815016825,174.79561815016825,171.2393694325171,172.1584,405434.21860333276,1712188800,0
2024-04-05,172.63784295681253,173.76665190566797,171.63889698437407,173.2472,389344.3797071468,1712275200,0
2024-04-08,172.7177614053487,173.39704467750394,171.29925810173046,171.4491,428675.829269445,1712534400,0
2024-04-09,171.53906819825073,172.0185624489796,169.02671811370266,171.3193,666264.0052813664,1712620800,0
2024-04-10,169.15154848146628,171.66889273336076,168.87683829524764,170.0506,388631.566486681,1712707200,0
2024-04-11,170.24047204275533,171.23442386579572,167.61324260095012,168.2226,399674.03428552405,1712793600,0
2024-04-12,167.6730827387733,168.88680210444272,165.6152540200252,166.6142,521955.1511815919,1712880000,0
2024-04-15,168.83187024396105,169.8008479028963,165.2456539598606,166.2446,546175.647208992,1713139200,0
2024-04-16,166.2745886562171,166.2745886562171,160.57060607149498,161.2399,796406.2832462684,1713225600,0
2024-04-17,161.90924021745926,162.35377138661502,159.2920005249016,159.8614,547663.9927462164,1713312000,0
2024-04-18,155.08641409046535,157.01438046208918,152.5241168141881,153.4881,1048734.0442027752,1713398400,0
2024-04-19,154.24732381405983,157.3041,153.49811396456468,157.3041,903967.3603548794,1713484800,0
2024-04-22,158.32298205175945,161.78433060882517,157.93339303667844,160.9602,673361.5934870857,1713744000,0
2024-04-23,161.48962520162513,165.80507231823418,161.32230173124736,164.7362,804792.1770685496,1713830400,0
2024-04-24,164.00701227245327,166.50937288728147,163.30774982519588,165.7252,1214794.9647971462,1713916800,0
2024-04-25,174.76561901877648,174.76561901877648,161.40970975166567,164.926,1261554.5608333435,1714003200,0
2024-04-26,163.0280139708539,167.5632295555823,160.67050102372636,165.885,966441.4707779487,1714089600,0
2024-04-29,166.6242445600757,169.29143120860928,166.6242445600757,168.9418,795696.417109324,1714348800,0
2024-04-30,169.85082152203253,170.83977825500207,168.43231792524793,170.2504,1005281.3706164566,1714435200,0
2024-05-01,169.24151121687527,172.76779226159,168.11270170397793,170.0107,1163163.4257137931,1714521600,0
2024-05-02,170.95968297133442,171.0096302901878,166.95390799929368,169.711,652653.6508535097,1714608000,0
2024-05-03,171.60899050089446,171.60899050089446,167.3584738550984,167.5233,598534.6563731731,1714694400,0
2024-05-06,168.8619158853089,169.4512943186521,168.40240049660068,168.9718,812112.5628655195,1714953600,0
2024-05-07,170.40026201769913,171.02460346312688,169.21151590560473,169.3214,661370.8781051893,1715040000,0
2024-05-08,168.53220094411992,170.34029343246596,167.1836236738066,169.2914,514408.1212631002,1715126400,0
2024-05-09,169.5111569951991,177.13811016661958,169.5111569951991,176.8634,711505.8842021583,1715212800,0
2024-05-10,176.86339611993935,180.4096545566848,176.68368572760963,177.9023,574022.9981287483,1715299200,0
2024-05-13,178.00222152416148,178.44175784758386,176.24407623047205,178.4018,744217.2638953194,1715558400,0
2024-05-14,180.20993013246883,181.1988870661226,177.20310147560224,178.7215,1008553.6144783924,1715644800,0
2024-05-15,179.28091834942933,182.68732572431958,179.12608165057068,182.048,563190.3524345227,1715731200,0
2024-05-16,181.1189447647782,182.7272482288524,178.48672139345183,178.7914,874423.4228268248,1715817600,0
2024-05-17,179.19103018570624,179.19103018570624,176.95338993809793,177.5128,344600.0226462542,1715904000,0
2024-05-20,181.74824139793836,181.74824139793836,177.95224646932363,181.2188,598578.8818820122,1716163200,0
2024-05-21,180.9890672475028,181.57844548834632,177.67256596004444,180.0101,714682.1528347576,1716249600,0
2024-05-22,179.5705938513136,181.35870779765233,178.1321111235327,178.7115,423470.1941397168,1716336000,0
2024-05-23,178.45177719744504,178.59662441919622,176.19415843084056,176.7236,476937.521926896,1716422400,0
2024-05-24,178.27199825367126,178.37688763962123,175.98441069342857,176.1842,588887.3734988723,1716508800,0
2024-05-28,175.0353578490695,176.10423031167937,174.0963483959356,174.9954,404454.2030247653,1716854400,0
2024-05-29,174.3161374354991,181.41864595794266,174.24621119125564,180.0401,901420.7853139383,1716940800,0
2024-05-30,180.13996962345348,186.44831492469072,179.9901276923077,185.7041,777719.5549263586,1717027200,0
2024-05-31,186.00379346680714,189.749841938883,184.56531085353,189.6,848261.848101266,1717113600,0
2024-06-03,188.48,189.16,184.63,186.6,634315.0,1717372800,0
2024-06-04,185.86,186.6,181.2,184.64,458097.0,1717459200,0
2024-06-05,185.88,189.83,185.48,189.47,629933.0,1717545600,0
2024-06-06,188.81,190.495,187.6,189.34,541291.0,1717632000,0
2024-06-07,187.54,188.89,187.31,187.53,343793.0,1717718400,0
2024-06-10,186.65,189.3,185.78,188.93,671849.0,1717977600,0
2024-06-11,188.01,188.38,185.6,185.68,608545.0,1718064000,0
2024-06-12,188.16,189.38,186.14,187.24,892272.0,1718150400,0
